<?xml version="1.0" encoding="UTF-8"?><?xml-stylesheet type='text/xsl' href='_UpgradeReport_Files/UpgradeReport.xslt'?><UpgradeLog>
<Properties><Property Name="Solution" Value="Homework">
</Property><Property Name="解决方案文件" Value="F:\test\PicView\Homework.sln">
</Property><Property Name="用户选项文件" Value="F:\test\PicView\Homework.suo">
</Property><Property Name="Date" Value="2013年7月24日">
</Property><Property Name="Time" Value="14:05">
</Property><Property Name="日志号" Value="2">
</Property></Properties><Event ErrorLevel="0" Project="" Source="Homework.sln" Description="文件已成功备份为 F:\test\PicView\Backup1\Homework.sln">
</Event><Event ErrorLevel="0" Project="" Source="Homework.suo" Description="文件已成功备份为 F:\test\PicView\Backup1\Homework.suo">
</Event><Event ErrorLevel="0" Project="PicView" Source="PicView\PicView.csproj" Description="项目文件已成功备份为 F:\test\PicView\Backup1\PicView\PicView.csproj">
</Event><Event ErrorLevel="0" Project="PicView" Source="PicView\PicView.csproj.user" Description="项目用户文件成功备份为 F:\test\PicView\Backup1\PicView\PicView.csproj.user">
</Event><Event ErrorLevel="0" Project="PicView" Source="PicView\Form1.cs" Description="文件已成功备份为 F:\test\PicView\Backup1\PicView\Form1.cs">
</Event><Event ErrorLevel="0" Project="PicView" Source="PicView\Form1.Designer.cs" Description="文件已成功备份为 F:\test\PicView\Backup1\PicView\Form1.Designer.cs">
</Event><Event ErrorLevel="0" Project="PicView" Source="PicView\Program.cs" Description="文件已成功备份为 F:\test\PicView\Backup1\PicView\Program.cs">
</Event><Event ErrorLevel="0" Project="PicView" Source="PicView\Properties\AssemblyInfo.cs" Description="文件已成功备份为 F:\test\PicView\Backup1\PicView\Properties\AssemblyInfo.cs">
</Event><Event ErrorLevel="0" Project="PicView" Source="PicView\Properties\Resources.Designer.cs" Description="文件已成功备份为 F:\test\PicView\Backup1\PicView\Properties\Resources.Designer.cs">
</Event><Event ErrorLevel="0" Project="PicView" Source="PicView\Properties\Settings.Designer.cs" Description="文件已成功备份为 F:\test\PicView\Backup1\PicView\Properties\Settings.Designer.cs">
</Event><Event ErrorLevel="0" Project="PicView" Source="PicView\Properties\Settings.settings" Description="文件已成功备份为 F:\test\PicView\Backup1\PicView\Properties\Settings.settings">
</Event><Event ErrorLevel="0" Project="PicView" Source="PicView\Resources\201001231305484375000.jpg" Description="文件已成功备份为 F:\test\PicView\Backup1\PicView\Resources\201001231305484375000.jpg">
</Event><Event ErrorLevel="0" Project="PicView" Source="PicView\Resources\jia.png" Description="文件已成功备份为 F:\test\PicView\Backup1\PicView\Resources\jia.png">
</Event><Event ErrorLevel="0" Project="PicView" Source="PicView\Resources\jian.png" Description="文件已成功备份为 F:\test\PicView\Backup1\PicView\Resources\jian.png">
</Event><Event ErrorLevel="0" Project="PicView" Source="PicView\Resources\yuan.png" Description="文件已成功备份为 F:\test\PicView\Backup1\PicView\Resources\yuan.png">
</Event><Event ErrorLevel="0" Project="PicView" Source="PicView\Resources\下载.jpg" Description="文件已成功备份为 F:\test\PicView\Backup1\PicView\Resources\下载.jpg">
</Event><Event ErrorLevel="0" Project="PicView" Source="PicView\Resources\grid_square_map_1.png" Description="文件已成功备份为 F:\test\PicView\Backup1\PicView\Resources\grid_square_map_1.png">
</Event><Event ErrorLevel="0" Project="PicView" Source="PicView\Resources\aaaa.png" Description="文件已成功备份为 F:\test\PicView\Backup1\PicView\Resources\aaaa.png">
</Event><Event ErrorLevel="0" Project="PicView" Source="PicView\Resources\QQ截图未命名.png" Description="文件已成功备份为 F:\test\PicView\Backup1\PicView\Resources\QQ截图未命名.png">
</Event><Event ErrorLevel="0" Project="PicView" Source="PicView\Resources\d.png" Description="文件已成功备份为 F:\test\PicView\Backup1\PicView\Resources\d.png">
</Event><Event ErrorLevel="0" Project="PicView" Source="PicView\map.html" Description="文件已成功备份为 F:\test\PicView\Backup1\PicView\map.html">
</Event><Event ErrorLevel="0" Project="PicView" Source="PicView\Form1.resx" Description="文件已成功备份为 F:\test\PicView\Backup1\PicView\Form1.resx">
</Event><Event ErrorLevel="0" Project="PicView" Source="PicView\Properties\Resources.resx" Description="文件已成功备份为 F:\test\PicView\Backup1\PicView\Properties\Resources.resx">
</Event><Event ErrorLevel="0" Project="PicView" Source="PicView\PicView.csproj" Description="项目已成功转换">
</Event><Event ErrorLevel="3" Project="PicView" Source="PicView\PicView.csproj" Description="Converted">
</Event><Event ErrorLevel="0" Project="" Source="Homework.sln" Description="成功转换解决方案">
</Event><Event ErrorLevel="3" Project="" Source="Homework.sln" Description="Converted">
</Event><Event ErrorLevel="0" Project="PicView" Source="PicView\PicView.csproj" Description="扫描完成: 项目文件不需要升级。">
</Event></UpgradeLog>